<metadata>
	<idinfo>
		<keywords>
			<theme>
				<themekt>ISO 19115 Topic Category</themekt>
				<themekey>biota</themekey>
				<themekey>boundaries</themekey>
				<themekey>environment</themekey>
				<themekey>location</themekey>
			</theme>
			<theme>
				<themekt>EPA GIS Keyword Thesaurus</themekt>
				<themekey>Ecosystem</themekey>
				<themekey>Environment</themekey>
				<themekey>Management</themekey>
				<themekey>Natural Resources</themekey>
				<themekey>Surface Water</themekey>
			</theme>
			<place>
				<placekt>None</placekt>
				<placekey>United States</placekey>
			</place>
			<theme/>
		</keywords>
		<citation>
			<citeinfo>
				<title>Level III Ecoregions of California</title>
				<geoform>vector digital data</geoform>
				<origin>US Environmental Protection Agency</origin>
				<pubinfo>
					<publish>U.S. EPA Office of Research and Development (ORD) - National Health and Environmental Effects Research Laboratory (NHEERL)</publish>
					<pubplace>Corvallis, OR</pubplace>
				</pubinfo>
				<pubdate>2012</pubdate>
				<onlink>ftp://newftp.epa.gov/EPADataCommons/ORD/Ecoregions/ca/ca_eco_l3.zip</onlink>
				<onlink>https://edg.epa.gov/metadata/</onlink>
			</citeinfo>
		</citation>
		<descript>
			<abstract>Ecoregions by state were extracted from the seamless national shapefile. Ecoregions denote areas of general similarity in ecosystems and in the type, quality, and quantity of environmental resources. They are designed to serve as a spatial framework for the research, assessment, management, and monitoring of ecosystems and ecosystem components. These general purpose regions are critical for structuring and implementing ecosystem management strategies across federal agencies, state agencies, and nongovernment organizations that are responsible for different types of resources within the same geographical areas. The approach used to compile this map is based on the premise that ecological regions can be identified through the analysis of patterns of biotic and abiotic phenomena, including geology, physiography, vegetation, climate, soils, land use, wildlife, and hydrology. The relative importance of each characteristic varies from one ecological region to another. A Roman numeral hierarchical scheme has been adopted for different levels for ecological regions. Level I is the coarsest level, dividing North America into 15 ecological regions. Level II divides the continent into 50 regions (Commission for Environmental Cooperation Working Group, 1997). At Level III, the continental United States contains 105 regions whereas the conterminous United States has 85 (U.S. Environmental Protection Agency, 2011). Level IV ecoregions are further subdivisions of Level III ecoregions. Methods used to define the ecoregions are explained in Omernik (1995, 2004), Omernik and others (2000), and Gallant and others (1989).

	Literature cited:
	Commission for Environmental Cooperation Working Group, 1997, Ecological regions of North America- toward a common perspective: Montreal, Commission for Environmental Cooperation, 71 p.

	Gallant, A. L., Whittier, T.R., Larsen, D.P., Omernik, J.M., and Hughes, R.M., 1989, Regionalization as a tool for managing environmental resources: Corvallis, Oregon, U.S. Environmental Protection Agency, EPA/600/3-89/060, 152p.

	Omernik, J.M., 1995, Ecoregions - a framework for environmental management, in Davis, W.S. and Simon, T.P., eds., Biological assessment and criteria-tools for water resource planning and decision making: Boca Raton, Florida, Lewis Publishers, p.49-62.

	Omernik, J.M., Chapman, S.S., Lillie, R.A., and Dumke, R.T., 2000, Ecoregions of Wisconsin: Transactions of the Wisconsin Academy of Science, Arts, and Letters, v. 88, p. 77-103. 

	Omernik, J.M., 2004, Perspectives on the nature and definitions of ecological regions: Environmental Management, v. 34, Supplement 1, p. s27-s38.

	U.S. Environmental Protection Agency. 2011. Level III and IV ecoregions of the continental United States. U.S. EPA, National Health and Environmental Effects Research Laboratory, Corvallis, Oregon, Map scale 1:3,000,000. Available online at: https://www.epa.gov/eco-research/level-iii-and-iv-ecoregions-continental-united-states.
Comments and questions regarding Ecoregions should be addressed to Glenn Griffith, USGS, c/o US EPA., 200 SW 35th Street, Corvallis, OR 97333, (541)-754-4465, email:griffith.glenn@epa.gov Alternate: James Omernik, USGS, c/o US EPA, 200 SW 35th Street, Corvallis, OR 97333, (541)-754-4458, email:omernik.james@epa.gov</abstract>
			<purpose>Ecoregion maps assist managers of aquatic and terrestrial resources to understand the regional patterns of the realistically attainable quality of these resources</purpose>
			<supplinf>Electronic versions of ecoregion maps and posters as well as other ecoregion resources are available at:  https://www.epa.gov/eco-research/ecoregions. Except for the Great Lakes, waterbodies were merged with surrounding ecoregion polygons, especially along coastlines. Ecoregions were digitized at 1:250,000 scale and are intended for large geographic extents (i.e. states, multiple counties, or river basins).  Use for smaller areas, such as individual counties or a 1:24,000 scale map boundary, is not recommended.</supplinf>
		</descript>
		<spdom>
			<bounding>
				<westbc>-125.012651</westbc>
				<eastbc>-113.803595</eastbc>
				<northbc>43.455059</northbc>
				<southbc>31.431829</southbc>
			</bounding>
		</spdom>
		<accconst>None</accconst>
		<useconst>None</useconst>
		<native>Microsoft Windows XP Version 5.1 (Build 2600) Service Pack 3; ESRI ArcGIS 10.0.3.3600</native>
		<timeperd>
			<current>Publication date</current>
			<timeinfo>
				<sngdate>
					<caldate>20120508</caldate>
				</sngdate>
			</timeinfo>
		</timeperd>
		<status>
			<progress>Complete</progress>
			<update>As needed</update>
		</status>
		<secinfo>
			<secsys>FIPS Pub 199</secsys>
			<secclass>No Confidentiality</secclass>
			<sechandl>Standard Technical Controls</sechandl>
		</secinfo>
		<ptcontac>
			<cntinfo>
				<cntperp>
					<cntorg>U.S. Environmental Protection Agency, Office of Research and Development, National Health and Environmental Effects Research Laboratory (NHEERL)</cntorg>
					<cntper>Randy Comeleo</cntper>
				</cntperp>
				<cntpos>GIS Analyst</cntpos>
				<cntaddr>
					<addrtype>mailing address</addrtype>
					<address>200 S.W. 35th Street</address>
					<city>Corvallis</city>
					<state>OR</state>
					<postal>97333</postal>
				</cntaddr>
				<cntvoice>(541) 754-4491</cntvoice>
				<cntemail>comeleo.randy@epa.gov</cntemail>
				<cntinst>https://www.epa.gov/aboutepa/about-national-health-and-environmental-effects-research-laboratory-nheerl</cntinst>
			</cntinfo>
		</ptcontac>
	</idinfo>
	<spdoinfo>
		<direct>Vector</direct>
		<ptvctinf><esriterm Name="deserts"><efeatyp Sync="TRUE">Simple</efeatyp><efeageom code="4" Sync="TRUE"></efeageom><esritopo Sync="TRUE">FALSE</esritopo><efeacnt Sync="TRUE">0</efeacnt><spindex Sync="TRUE">FALSE</spindex><linrefer Sync="TRUE">FALSE</linrefer></esriterm></ptvctinf></spdoinfo>
	<spref>
		<horizsys>
			<planar>
				<planci>
					<plance>coordinate pair</plance>
					<coordrep>
						<absres>0.0000000037527980722984474</absres>
						<ordres>0.0000000037527980722984474</ordres>
					</coordrep>
					<plandu>Meter</plandu>
				</planci>
			</planar>
			<geodetic>
				<horizdn>D North American 1983</horizdn>
				<ellips>GRS 1980</ellips>
				<semiaxis>6378137.0</semiaxis>
				<denflat>298.257222101</denflat>
			</geodetic>
		</horizsys>
	</spref>
	<eainfo>
		<detailed Name="deserts">
			<enttyp>
				<enttypl>ca_eco_l3.shp</enttypl>
				<enttypd>shapefile name</enttypd>
				<enttypds>US Environmental Protection Agency</enttypds>
				<enttypt Sync="TRUE">Feature Class</enttypt><enttypc Sync="TRUE">0</enttypc></enttyp>
			<attr>
				<attrlabl>FID</attrlabl>
				<attrdef>Internal feature number.</attrdef>
				<attrdefs>ESRI</attrdefs>
				<attrdomv>
					<rdom>
						<rdommin>0</rdommin>
						<rdommax>12</rdommax>
					</rdom>
					<udom Sync="TRUE">Sequential unique whole numbers that are automatically generated.</udom></attrdomv>
				<attalias Sync="TRUE">FID</attalias><attrtype Sync="TRUE">OID</attrtype><attwidth Sync="TRUE">4</attwidth><atprecis Sync="TRUE">0</atprecis><attscale Sync="TRUE">0</attscale></attr>
			<attr>
				<attrlabl>Shape</attrlabl>
				<attrdef>Feature geometry.</attrdef>
				<attrdefs>ESRI</attrdefs>
				<attrdomv>
					<udom>Coordinates defining the features.</udom>
				</attrdomv>
				<attalias Sync="TRUE">Shape</attalias><attrtype Sync="TRUE">Geometry</attrtype><attwidth Sync="TRUE">0</attwidth><atprecis Sync="TRUE">0</atprecis><attscale Sync="TRUE">0</attscale></attr>
			<attr>
				<attrlabl>US_L3NAME</attrlabl>
				<attrdef>Name for Level III Ecoregion (US)</attrdef>
				<attrdefs>USEPA</attrdefs>
				<attrdomv>
					<udom>unique name</udom>
				</attrdomv>
				<attalias Sync="TRUE">US_L3NAME</attalias><attrtype Sync="TRUE">String</attrtype><attwidth Sync="TRUE">100</attwidth><atprecis Sync="TRUE">0</atprecis><attscale Sync="TRUE">0</attscale></attr>
			<attr>
				<attrlabl>NA_L2NAME</attrlabl>
				<attrdef>Name for Level II Ecoregion (North America/CEC)</attrdef>
				<attrdefs>CEC</attrdefs>
				<attrdomv>
					<udom>unique name</udom>
				</attrdomv>
				<attalias Sync="TRUE">NA_L2NAME</attalias><attrtype Sync="TRUE">String</attrtype><attwidth Sync="TRUE">100</attwidth><atprecis Sync="TRUE">0</atprecis><attscale Sync="TRUE">0</attscale></attr>
			<attr><attrlabl Sync="TRUE">Desert</attrlabl><attalias Sync="TRUE">Desert</attalias><attrtype Sync="TRUE">String</attrtype><attwidth Sync="TRUE">254</attwidth><atprecis Sync="TRUE">0</atprecis><attscale Sync="TRUE">0</attscale></attr></detailed>
		<overview>
			<eaover>Ecoregions are hierarchical, with Level IV being the most detailed and Level I defining the broadest classifications.  Because of this hierarchy, Level IV features include appropriate codes and names for Levels III,  II, and I.    Likewise, Level III features contain Levels II and I, and Level II retains Level I information.  Attributes pertaining to Level IV are only available for the Conterminous United States (US_).  Level III has  attributes for the US and North America (NA_) while Levels II and I apply to only  North America.   All features are identified by State and EPA Administrative Regions, as well.   Fields ending with "KEY" combine ecoregion code and name attributes for convenient legends and are linked to style and layer files containing color definitions.</eaover>
			<eadetcit>none</eadetcit>
		</overview>
	</eainfo>
	<metainfo>
		<metd>20120426</metd>
		<metstdn>FGDC Content Standard for Digital Geospatial Metadata</metstdn>
		<metstdv>FGDC-STD-001-1998</metstdv>
		<mettc>local time</mettc>
		<metfrd>20160426</metfrd>
		<metc>
			<cntinfo>
				<cntperp>
					<cntorg>U.S. Environmental Protection Agency, Office of Research and Development, National Health and Environmental Effects Research Laboratory (NHEERL)</cntorg>
					<cntper>Randy Comeleo</cntper>
				</cntperp>
				<cntpos>GIS Analyst</cntpos>
				<cntaddr>
					<addrtype>mailing address</addrtype>
					<address>200 S.W. 35th Street</address>
					<city>Corvallis</city>
					<state>OR</state>
					<postal>97333</postal>
				</cntaddr>
				<cntvoice>(541) 754-4491</cntvoice>
				<cntemail>comeleo.randy@epa.gov</cntemail>
				<cntinst>https://www.epa.gov/aboutepa/about-national-health-and-environmental-effects-research-laboratory-nheerl</cntinst>
			</cntinfo>
		</metc>
	</metainfo>
	<dataqual>
		<logic>Although ecoregion polygons and attributes have been checked for accuracy, some errors may remain. Polygons along state borders were reviewed and updated, May 2010.  ARC/INFO software is used to create and maintain topological relationships.</logic>
		<complete>Unknown</complete>
		<posacc>
			<horizpa>
				<horizpar>Data were collected using methods that have unknown accuracy (EPA National Geospatial Data Policy [NGDP] Accuracy Tier 10). For more information, please see EPA's NGDP at https://www.epa.gov/geospatial/epa-national-geospatial-data-policy</horizpar>
			</horizpa>
		</posacc>
		<lineage>
			<procstep>
				<procdate>2011</procdate>
				<procdesc>1) U.S.G.S. 1:250,000 topographic maps are used to delineate the ecoregions. The lines drawn are manually digitized or scanned to produce georeferenced electronic files.</procdesc>
			</procstep>
			<procstep>
				<procdate>2011</procdate>
				<procdesc>2) All base maps are joined together and errors along the edges are resolved.</procdesc>
			</procstep>
			<procstep>
				<procdate>2011</procdate>
				<procdesc>3) Topology is established and the maps are reviewed for accuracy, completeness, and conformity with the original lines. Corrections are made as needed and topology regenerated.</procdesc>
			</procstep>
			<procstep>
				<procdate>2011</procdate>
				<procdesc>4) Attributes are added.</procdesc>
			</procstep>
			<procstep>
				<procdate>2011</procdate>
				<procdesc>5) Maps are plotted for visual inspection by two individuals and necessary changes made.</procdesc>
			</procstep>
			<procstep>
				<procdate>2011</procdate>
				<procdesc>6) Ecoregions from all available states are merged and dissolved to identify and correct inconsistencies.</procdesc>
			</procstep>
			<procstep>
				<procdate>2011</procdate>
				<procdesc>7) Polygons of the corrected seamless ecoregion features are extended beyond the coastal borders.</procdesc>
			</procstep>
			<procstep>
				<procdate>2011</procdate>
				<procdesc>8) State and Ecoregion datasets are intersected.</procdesc>
			</procstep>
			<procstep>
				<procdate>2011</procdate>
				<procdesc>9) Topology errors removed.</procdesc>
			</procstep>
			<procstep>
				<procdate>2011</procdate>
				<procdesc>10) Final QA</procdesc>
			</procstep>
			<procstep>
				<procdate>2011</procdate>
				<procdesc>11) Select State from national geodatabase</procdesc>
			</procstep>
			<procstep>
				<procdate>2012</procdate>
				<procdesc>12) metadata</procdesc>
			</procstep>
		</lineage>
	</dataqual>
	<distinfo>
		<resdesc>Downloadable Data</resdesc>
		<distliab>Although these data have been processed successfully on a computer system at the Environmental Protection Agency, no warranty expressed or implied is made regarding the accuracy or utility of the data on any other system or for general or scientific purposes, nor shall the act of distribution constitute any such warranty. It is also strongly recommended that careful attention be paid to the contents of the metadata file associated with these data to evaluate data set limitations, restrictions or intended use. The U.S. Environmental Protection Agency shall not be held liable for improper or incorrect use of the data described and/or contained herein.</distliab>
		<distrib>
			<cntinfo>
				<cntorgp>
					<cntorg>U.S. Environmental Protection Agency, Office of Research and Development, National Health and Environmental Effects Research Laboratory (NHEERL)</cntorg>
					<cntper>Randy Comeleo</cntper>
				</cntorgp>
				<cntpos>GIS Analyst</cntpos>
				<cntaddr>
					<addrtype>mailing address</addrtype>
					<address>200 S.W. 35th Street</address>
					<city>Corvallis</city>
					<state>OR</state>
					<postal>97333</postal>
				</cntaddr>
				<cntvoice>(541) 754-4491</cntvoice>
				<cntemail>comeleo.randy@epa.gov</cntemail>
				<cntinst>https://www.epa.gov/aboutepa/about-national-health-and-environmental-effects-research-laboratory-nheerl</cntinst>
			</cntinfo>
		</distrib>
	</distinfo>
	<dataIdInfo><envirDesc Sync="TRUE">Microsoft Windows 10 Version 10.0 (Build 19042) ; Esri ArcGIS 12.6.2.24783</envirDesc><dataLang><languageCode value="eng" Sync="TRUE"></languageCode><countryCode value="USA" Sync="TRUE"></countryCode></dataLang><idCitation><resTitle Sync="TRUE">deserts</resTitle><presForm><PresFormCd value="005" Sync="TRUE"></PresFormCd></presForm></idCitation><spatRpType><SpatRepTypCd value="001" Sync="TRUE"></SpatRepTypCd></spatRpType></dataIdInfo><mdLang><languageCode value="eng" Sync="TRUE"></languageCode><countryCode value="USA" Sync="TRUE"></countryCode></mdLang><Esri><DataProperties><itemProps><itemName Sync="TRUE">deserts</itemName><imsContentType Sync="TRUE">002</imsContentType><itemSize Sync="TRUE">0.000</itemSize><itemLocation><linkage Sync="TRUE">file://\\DESKTOP-90MSJ0D\Users\marin\OneDrive\Documents\GitHub\desert-fires-impact-biodiversity\shapefiles\deserts\deserts.shp</linkage><protocol Sync="TRUE">Local Area Network</protocol></itemLocation></itemProps><coordRef><type Sync="TRUE">Projected</type><geogcsn Sync="TRUE">GCS_North_American_1983</geogcsn><csUnits Sync="TRUE">Linear Unit: Meter (1.000000)</csUnits><projcsn Sync="TRUE">USA_Contiguous_Albers_Equal_Area_Conic_USGS_version</projcsn><peXml Sync="TRUE">&lt;ProjectedCoordinateSystem xsi:type='typens:ProjectedCoordinateSystem' xmlns:xsi='http://www.w3.org/2001/XMLSchema-instance' xmlns:xs='http://www.w3.org/2001/XMLSchema' xmlns:typens='http://www.esri.com/schemas/ArcGIS/2.6.0'&gt;&lt;WKT&gt;PROJCS[&amp;quot;USA_Contiguous_Albers_Equal_Area_Conic_USGS_version&amp;quot;,GEOGCS[&amp;quot;GCS_North_American_1983&amp;quot;,DATUM[&amp;quot;D_North_American_1983&amp;quot;,SPHEROID[&amp;quot;GRS_1980&amp;quot;,6378137.0,298.257222101]],PRIMEM[&amp;quot;Greenwich&amp;quot;,0.0],UNIT[&amp;quot;Degree&amp;quot;,0.0174532925199433]],PROJECTION[&amp;quot;Albers&amp;quot;],PARAMETER[&amp;quot;False_Easting&amp;quot;,0.0],PARAMETER[&amp;quot;False_Northing&amp;quot;,0.0],PARAMETER[&amp;quot;Central_Meridian&amp;quot;,-96.0],PARAMETER[&amp;quot;Standard_Parallel_1&amp;quot;,29.5],PARAMETER[&amp;quot;Standard_Parallel_2&amp;quot;,45.5],PARAMETER[&amp;quot;Latitude_Of_Origin&amp;quot;,23.0],UNIT[&amp;quot;Meter&amp;quot;,1.0],AUTHORITY[&amp;quot;Esri&amp;quot;,102039]]&lt;/WKT&gt;&lt;XOrigin&gt;-16901100&lt;/XOrigin&gt;&lt;YOrigin&gt;-6972200&lt;/YOrigin&gt;&lt;XYScale&gt;266467840.99085236&lt;/XYScale&gt;&lt;ZOrigin&gt;-100000&lt;/ZOrigin&gt;&lt;ZScale&gt;10000&lt;/ZScale&gt;&lt;MOrigin&gt;-100000&lt;/MOrigin&gt;&lt;MScale&gt;10000&lt;/MScale&gt;&lt;XYTolerance&gt;0.001&lt;/XYTolerance&gt;&lt;ZTolerance&gt;0.001&lt;/ZTolerance&gt;&lt;MTolerance&gt;0.001&lt;/MTolerance&gt;&lt;HighPrecision&gt;true&lt;/HighPrecision&gt;&lt;WKID&gt;102039&lt;/WKID&gt;&lt;LatestWKID&gt;102039&lt;/LatestWKID&gt;&lt;/ProjectedCoordinateSystem&gt;</peXml></coordRef><lineage><Process ToolSource="c:\users\marin\appdata\local\programs\arcgis\pro\Resources\ArcToolbox\toolboxes\Data Management Tools.tbx\Merge" Date="20220203" Time="161409">Merge 'Desert Ecoregion\Sonoran';'Desert Ecoregion\Mojave';'Desert Ecoregion\San Joaquin' C:\Users\marin\OneDrive\Documents\GitHub\desert-fires-impact-biodiversity\shapefiles\deserts\deserts.shp "US_L3NAME "US_L3NAME" true true false 100 Text 0 0,First,#,Desert Ecoregion\Sonoran,US_L3NAME,0,100,Desert Ecoregion\Mojave,US_L3NAME,0,100;NA_L2NAME "NA_L2NAME" true true false 100 Text 0 0,First,#,Desert Ecoregion\Sonoran,NA_L2NAME,0,100,Desert Ecoregion\Mojave,NA_L2NAME,0,100;Desert "Desert" true true false 254 Text 0 0,First,#,Desert Ecoregion\San Joaquin,Desert,0,254" NO_SOURCE_INFO</Process><Process ToolSource="c:\users\marin\appdata\local\programs\arcgis\pro\Resources\ArcToolbox\toolboxes\Data Management Tools.tbx\UpdateSchema" Date="20220317" Time="095217">UpdateSchema "CIMDATA=&lt;CIMStandardDataConnection xsi:type='typens:CIMStandardDataConnection' xmlns:xsi='http://www.w3.org/2001/XMLSchema-instance' xmlns:xs='http://www.w3.org/2001/XMLSchema' xmlns:typens='http://www.esri.com/schemas/ArcGIS/2.6.0'&gt;&lt;WorkspaceConnectionString&gt;DATABASE=C:\Users\marin\OneDrive\Documents\GitHub\desert-fires-impact-biodiversity\shapefiles\deserts&lt;/WorkspaceConnectionString&gt;&lt;WorkspaceFactory&gt;Shapefile&lt;/WorkspaceFactory&gt;&lt;Dataset&gt;deserts.shp&lt;/Dataset&gt;&lt;DatasetType&gt;esriDTFeatureClass&lt;/DatasetType&gt;&lt;/CIMStandardDataConnection&gt;" &lt;operationSequence&gt;&lt;workflow&gt;&lt;AddField&gt;&lt;field_name&gt;Area_m2&lt;/field_name&gt;&lt;field_type&gt;DOUBLE&lt;/field_type&gt;&lt;field_is_nullable&gt;False&lt;/field_is_nullable&gt;&lt;field_is_required&gt;False&lt;/field_is_required&gt;&lt;/AddField&gt;&lt;/workflow&gt;&lt;/operationSequence&gt;</Process><Process ToolSource="c:\users\marin\appdata\local\programs\arcgis\pro\Resources\ArcToolbox\toolboxes\Data Management Tools.tbx\CalculateGeometryAttributes" Date="20220317" Time="095254">CalculateGeometryAttributes SJ-desert "Area_m2 AREA" # "Square meters" PROJCS['USA_Contiguous_Albers_Equal_Area_Conic_USGS_version',GEOGCS['GCS_North_American_1983',DATUM['D_North_American_1983',SPHEROID['GRS_1980',6378137.0,298.257222101]],PRIMEM['Greenwich',0.0],UNIT['Degree',0.0174532925199433]],PROJECTION['Albers'],PARAMETER['False_Easting',0.0],PARAMETER['False_Northing',0.0],PARAMETER['Central_Meridian',-96.0],PARAMETER['Standard_Parallel_1',29.5],PARAMETER['Standard_Parallel_2',45.5],PARAMETER['Latitude_Of_Origin',23.0],UNIT['Meter',1.0]] "Same as input"</Process><Process ToolSource="c:\users\marin\appdata\local\programs\arcgis\pro\Resources\ArcToolbox\toolboxes\Data Management Tools.tbx\DeleteField" Date="20220317" Time="114546">DeleteField SJ-desert Area_m2</Process><Process ToolSource="c:\users\marin\appdata\local\programs\arcgis\pro\Resources\ArcToolbox\toolboxes\Data Management Tools.tbx\UpdateSchema" Date="20220317" Time="114608">UpdateSchema "CIMDATA=&lt;CIMStandardDataConnection xsi:type='typens:CIMStandardDataConnection' xmlns:xsi='http://www.w3.org/2001/XMLSchema-instance' xmlns:xs='http://www.w3.org/2001/XMLSchema' xmlns:typens='http://www.esri.com/schemas/ArcGIS/2.6.0'&gt;&lt;WorkspaceConnectionString&gt;DATABASE=C:\Users\marin\OneDrive\Documents\GitHub\desert-fires-impact-biodiversity\shapefiles\deserts&lt;/WorkspaceConnectionString&gt;&lt;WorkspaceFactory&gt;Shapefile&lt;/WorkspaceFactory&gt;&lt;Dataset&gt;deserts.shp&lt;/Dataset&gt;&lt;DatasetType&gt;esriDTFeatureClass&lt;/DatasetType&gt;&lt;/CIMStandardDataConnection&gt;" &lt;operationSequence&gt;&lt;workflow&gt;&lt;AddField&gt;&lt;field_name&gt;area_m2&lt;/field_name&gt;&lt;field_type&gt;DOUBLE&lt;/field_type&gt;&lt;field_is_nullable&gt;False&lt;/field_is_nullable&gt;&lt;field_is_required&gt;False&lt;/field_is_required&gt;&lt;/AddField&gt;&lt;/workflow&gt;&lt;/operationSequence&gt;</Process><Process ToolSource="c:\users\marin\appdata\local\programs\arcgis\pro\Resources\ArcToolbox\toolboxes\Data Management Tools.tbx\CalculateGeometryAttributes" Date="20220317" Time="114840">CalculateGeometryAttributes SJ-desert "area_m2 AREA" # "Square meters" PROJCS['USA_Contiguous_Albers_Equal_Area_Conic_USGS_version',GEOGCS['GCS_North_American_1983',DATUM['D_North_American_1983',SPHEROID['GRS_1980',6378137.0,298.257222101]],PRIMEM['Greenwich',0.0],UNIT['Degree',0.0174532925199433]],PROJECTION['Albers'],PARAMETER['False_Easting',0.0],PARAMETER['False_Northing',0.0],PARAMETER['Central_Meridian',-96.0],PARAMETER['Standard_Parallel_1',29.5],PARAMETER['Standard_Parallel_2',45.5],PARAMETER['Latitude_Of_Origin',23.0],UNIT['Meter',1.0]] "Same as input"</Process></lineage><LayerFile>{"type":"CIMLayerDocument","version":"2.6.0","build":24783,"layers":["CIMPATH=map/deserts.xml"],"layerDefinitions":[{"type":"CIMFeatureLayer","name":"deserts","uRI":"CIMPATH=map/deserts.xml","sourceModifiedTime":{"type":"TimeInstant"},"useSourceMetadata":true,"description":"deserts","layerElevation":{"type":"CIMLayerElevationSurface","mapElevationID":"{7D552B36-0A6C-4FAA-AC6C-12EB0C8073A7}"},"expanded":true,"layerType":"Operational","showLegends":true,"visibility":true,"displayCacheType":"Permanent","maxDisplayCacheAge":5,"showPopups":true,"serviceLayerID":-1,"refreshRate":-1,"refreshRateUnit":"esriTimeUnitsSeconds","autoGenerateFeatureTemplates":true,"featureElevationExpression":"0","featureTable":{"type":"CIMFeatureTable","displayField":"US_L3NAME","editable":true,"dataConnection":{"type":"CIMStandardDataConnection","workspaceConnectionString":"DATABASE=..\\..\\..\\..\\OneDrive\\Documents\\GitHub\\desert-fires-impact-biodiversity\\shapefiles\\deserts","workspaceFactory":"Shapefile","dataset":"deserts","datasetType":"esriDTFeatureClass"},"studyAreaSpatialRel":"esriSpatialRelUndefined","searchOrder":"esriSearchOrderSpatial"},"htmlPopupEnabled":true,"selectable":true,"featureCacheType":"Session","displayFiltersType":"ByScale","labelClasses":[{"type":"CIMLabelClass","expression":"$feature.US_L3NAME","expressionEngine":"Arcade","featuresToLabel":"AllVisibleFeatures","maplexLabelPlacementProperties":{"type":"CIMMaplexLabelPlacementProperties","featureType":"Polygon","avoidPolygonHoles":true,"canOverrunFeature":true,"canPlaceLabelOutsidePolygon":true,"canRemoveOverlappingLabel":true,"canStackLabel":true,"connectionType":"Unambiguous","constrainOffset":"NoConstraint","contourAlignmentType":"Page","contourLadderType":"Straight","contourMaximumAngle":90,"enableConnection":true,"featureWeight":0,"fontHeightReductionLimit":4,"fontHeightReductionStep":0.5,"fontWidthReductionLimit":90,"fontWidthReductionStep":5,"graticuleAlignmentType":"Straight","keyNumberGroupName":"Default","labelBuffer":15,"labelLargestPolygon":true,"labelPriority":-1,"labelStackingProperties":{"type":"CIMMaplexLabelStackingProperties","stackAlignment":"ChooseBest","maximumNumberOfLines":3,"minimumNumberOfCharsPerLine":3,"maximumNumberOfCharsPerLine":24,"separators":[{"type":"CIMMaplexStackingSeparator","separator":" ","splitAfter":true},{"type":"CIMMaplexStackingSeparator","separator":",","visible":true,"splitAfter":true}]},"lineFeatureType":"General","linePlacementMethod":"OffsetCurvedFromLine","maximumLabelOverrun":80,"maximumLabelOverrunUnit":"Point","minimumFeatureSizeUnit":"Map","multiPartOption":"OneLabelPerPart","offsetAlongLineProperties":{"type":"CIMMaplexOffsetAlongLineProperties","placementMethod":"BestPositionAlongLine","labelAnchorPoint":"CenterOfLabel","distanceUnit":"Percentage","useLineDirection":true},"pointExternalZonePriorities":{"type":"CIMMaplexExternalZonePriorities","aboveLeft":4,"aboveCenter":2,"aboveRight":1,"centerRight":3,"belowRight":5,"belowCenter":7,"belowLeft":8,"centerLeft":6},"pointPlacementMethod":"AroundPoint","polygonAnchorPointType":"GeometricCenter","polygonBoundaryWeight":0,"polygonExternalZones":{"type":"CIMMaplexExternalZonePriorities","aboveLeft":4,"aboveCenter":2,"aboveRight":1,"centerRight":3,"belowRight":5,"belowCenter":7,"belowLeft":8,"centerLeft":6},"polygonFeatureType":"General","polygonInternalZones":{"type":"CIMMaplexInternalZonePriorities","center":1},"polygonPlacementMethod":"HorizontalInPolygon","primaryOffset":1,"primaryOffsetUnit":"Point","removeExtraWhiteSpace":true,"repetitionIntervalUnit":"Point","rotationProperties":{"type":"CIMMaplexRotationProperties","rotationType":"Arithmetic","alignmentType":"Straight"},"secondaryOffset":100,"strategyPriorities":{"type":"CIMMaplexStrategyPriorities","stacking":1,"overrun":2,"fontCompression":3,"fontReduction":4,"abbreviation":5},"thinningDistanceUnit":"Point","truncationMarkerCharacter":".","truncationMinimumLength":1,"truncationPreferredCharacters":"aeiou","truncationExcludedCharacters":"0123456789"},"name":"Class 1","priority":-1,"standardLabelPlacementProperties":{"type":"CIMStandardLabelPlacementProperties","featureType":"Line","featureWeight":"Low","labelWeight":"High","numLabelsOption":"OneLabelPerName","lineLabelPosition":{"type":"CIMStandardLineLabelPosition","above":true,"inLine":true,"parallel":true},"lineLabelPriorities":{"type":"CIMStandardLineLabelPriorities","aboveStart":3,"aboveAlong":3,"aboveEnd":3,"centerStart":3,"centerAlong":3,"centerEnd":3,"belowStart":3,"belowAlong":3,"belowEnd":3},"pointPlacementMethod":"AroundPoint","pointPlacementPriorities":{"type":"CIMStandardPointPlacementPriorities","aboveLeft":2,"aboveCenter":2,"aboveRight":1,"centerLeft":3,"centerRight":2,"belowLeft":3,"belowCenter":3,"belowRight":2},"rotationType":"Arithmetic","polygonPlacementMethod":"AlwaysHorizontal"},"textSymbol":{"type":"CIMSymbolReference","symbol":{"type":"CIMTextSymbol","blockProgression":"TTB","depth3D":1,"extrapolateBaselines":true,"fontEffects":"Normal","fontEncoding":"Unicode","fontFamilyName":"Tahoma","fontStyleName":"Regular","fontType":"Unspecified","haloSize":1,"height":10,"hinting":"Default","horizontalAlignment":"Left","kerning":true,"letterWidth":100,"ligatures":true,"lineGapType":"ExtraLeading","symbol":{"type":"CIMPolygonSymbol","symbolLayers":[{"type":"CIMSolidFill","enable":true,"color":{"type":"CIMRGBColor","values":[0,0,0,100]}}]},"textCase":"Normal","textDirection":"LTR","verticalAlignment":"Bottom","verticalGlyphOrientation":"Right","wordSpacing":100,"billboardMode3D":"FaceNearPlane"}},"useCodedValue":true,"visibility":true,"iD":-1}],"renderer":{"type":"CIMSimpleRenderer","patch":"Default","symbol":{"type":"CIMSymbolReference","symbol":{"type":"CIMPolygonSymbol","symbolLayers":[{"type":"CIMSolidStroke","enable":true,"capStyle":"Round","joinStyle":"Round","lineStyle3D":"Strip","miterLimit":10,"width":1,"color":{"type":"CIMRGBColor","values":[0,0,0,100]}},{"type":"CIMSolidFill","enable":true,"color":{"type":"CIMRGBColor","values":[215,194,158,100]}}]}}},"scaleSymbols":true,"snappable":true}]}</LayerFile></DataProperties><SyncDate>20220203</SyncDate><SyncTime>16140900</SyncTime><ModDate>20220203</ModDate><ModTime>16140900</ModTime></Esri><distInfo><distFormat><formatName Sync="TRUE">Shapefile</formatName></distFormat><distTranOps><transSize Sync="TRUE">0.000</transSize></distTranOps></distInfo><mdHrLv><ScopeCd value="005" Sync="TRUE"></ScopeCd></mdHrLv><mdHrLvName Sync="TRUE">dataset</mdHrLvName><refSysInfo><RefSystem><refSysID><identCode code="102039" Sync="TRUE"></identCode><idCodeSpace Sync="TRUE">Esri</idCodeSpace><idVersion Sync="TRUE">8.1.2</idVersion></refSysID></RefSystem></refSysInfo><spatRepInfo><VectSpatRep><geometObjs Name="deserts"><geoObjTyp><GeoObjTypCd value="002" Sync="TRUE"></GeoObjTypCd></geoObjTyp><geoObjCnt Sync="TRUE">0</geoObjCnt></geometObjs><topLvl><TopoLevCd value="001" Sync="TRUE"></TopoLevCd></topLvl></VectSpatRep></spatRepInfo><mdDateSt Sync="TRUE">20220203</mdDateSt></metadata>
